time_s_50hz,ecg_50hz,ppg_50hz,r_peak_sample_index,r_peak_time_s,rr_ms,detector_name,quality_flag
0,0.4960251305,0.3044450784,,,,,
0.02,0.6373910675,0.458703917,,,,,
0.04,0.4234600744,0.402294723,,,,,
0.06,0.3969752902,0.4260959228,,,,,
0.08,0.3427489559,0.4066002165,,,,,
0.1,0.3638317021,0.4127748218,,,,,
0.12,0.3599357931,0.4039687507,,,,,
0.14,0.3844151519,0.4094876008,,,,,
0.16,0.391051023,0.4095498325,,,,,
0.18,0.4036816947,0.4117999479,,,,,
0.2,0.392622618,0.4062595876,,,,,
0.22,0.3826857254,0.4051243947,,,,,
0.24,0.4001547737,0.4123865455,,,,,
0.26,0.4315288128,0.4417557587,,,,,
0.28,0.3973462302,0.4965973993,,,,,
0.3,0.4167519208,0.543039926,,,,,
0.32,0.4227338442,0.5756681204,,,,,
0.34,0.434929224,0.5945666923,,,,,
0.36,0.368602087,0.6011310173,,,,,
0.38,0.5967319356,0.6032902722,,,,,
0.4,1.556351882,0.5981973819,20,0.4,,wfdb_xqrs,ok
0.42,0.6303202256,0.5825105267,,,,,
0.44,0.3680353238,0.5612281152,,,,,
0.46,0.3621035156,0.5269790477,,,,,
0.48,0.3626410607,0.5023124873,,,,,
0.5,0.400541291,0.494758878,,,,,
0.52,0.4044787262,0.4938639114,,,,,
0.54,0.4430942073,0.4904986063,,,,,
0.56,0.4793793985,0.4837822548,,,,,
0.58,0.5815523363,0.4764846094,,,,,
0.6,0.6944897802,0.4677617986,,,,,
0.62,0.7483887089,0.4560423353,,,,,
0.64,0.7144683007,0.4437457855,,,,,
0.66,0.5731423496,0.4326985603,,,,,
0.68,0.4279097367,0.4231928447,,,,,
0.7,0.3311413534,0.4171546162,,,,,
0.72,0.309451499,0.4139915297,,,,,
0.74,0.2995732195,0.4126048194,,,,,
0.76,0.3180190578,0.4122861468,,,,,
0.78,0.333308756,0.4142860546,,,,,
0.8,0.3339047072,0.4192279304,,,,,
0.82,0.3409713632,0.4211648749,,,,,
0.84,0.3321832024,0.4190265015,,,,,
0.86,0.3273563193,0.413458045,,,,,
0.88,0.3387739599,0.416581687,,,,,
0.9,0.3653341251,0.4320526255,,,,,
0.92,0.300769152,0.4678993906,,,,,
0.94,0.3427989397,0.5149075629,,,,,
0.96,0.2889461806,0.5580711259,,,,,
0.98,0.3651711708,0.5852369274,,,,,
1,0.1945523752,0.5910001686,,,,,
1.02,0.8870981311,0.5902008296,,,,,
1.04,1.38163491,0.5827719193,52,1.032,632,wfdb_xqrs,ok
1.06,0.2977670407,0.5672779347,,,,,
1.08,0.3524156809,0.5407541832,,,,,
1.1,0.2815324887,0.5121848925,,,,,
1.12,0.3343625281,0.4882217151,,,,,
1.14,0.3334257647,0.471643467,,,,,
1.16,0.3853323418,0.4675034487,,,,,
1.18,0.4343804159,0.4623155658,,,,,
1.2,0.5187861625,0.4524442862,,,,,
1.22,0.6463508659,0.4408789505,,,,,
1.24,0.7732037905,0.4299713079,,,,,
1.26,0.8051570534,0.4235588381,,,,,
1.28,0.7208618423,0.4172448476,,,,,
1.3,0.5418916302,0.4129282934,,,,,
1.32,0.3758907245,0.4114146211,,,,,
1.34,0.2719819956,0.4127239267,,,,,
1.36,0.2331617213,0.4145787709,,,,,
1.38,0.258167177,0.4163369772,,,,,
1.4,0.3059344487,0.4177043501,,,,,
1.42,0.3511378691,0.4183472975,,,,,
1.44,0.3797680089,0.420115934,,,,,
1.46,0.3886573111,0.4205204434,,,,,
1.48,0.378991927,0.4168433034,,,,,
1.5,0.3673333511,0.4123228168,,,,,
1.52,0.3688477473,0.4114981247,,,,,
1.54,0.3807273487,0.4229127301,,,,,
1.56,0.3091582754,0.4538384974,,,,,
1.58,0.3396250287,0.4994646045,,,,,
1.6,0.3170409369,0.5370324721,,,,,
1.62,0.3623049807,0.5635887005,,,,,
1.64,0.2631791453,0.5780398719,,,,,
1.66,0.5867015071,0.5792600931,,,,,
1.68,1.520860382,0.5741776054,84,1.68,648,wfdb_xqrs,ok
1.7,0.5377146551,0.5598271342,,,,,
1.72,0.3586392958,0.5329682909,,,,,
1.74,0.3507729922,0.5042518785,,,,,
1.76,0.371660414,0.4856472245,,,,,
1.78,0.3764843948,0.4716527957,,,,,
1.8,0.3972831486,0.4624416334,,,,,
1.82,0.4426207282,0.4561873926,,,,,
1.84,0.5022811611,0.445880381,,,,,
1.86,0.6020224475,0.4341815583,,,,,
1.88,0.7197693439,0.4253090593,,,,,
1.9,0.7764093204,0.4202745457,,,,,
1.92,0.7413046403,0.4154308323,,,,,
1.94,0.5969820645,0.4113866189,,,,,
1.96,0.4561126954,0.4085383288,,,,,
1.98,0.3745646722,0.4073508018,,,,,
2,0.3367617615,0.4080208589,,,,,
2.02,0.327756223,0.4080652146,,,,,
2.04,0.3551184598,0.4075958128,,,,,
2.06,0.3708574748,0.4096300539,,,,,
2.08,0.385663033,0.411979031,,,,,
2.1,0.3952377128,0.4115333557,,,,,
2.12,0.3865993304,0.4063444918,,,,,
2.14,0.3742037356,0.4049202402,,,,,
2.16,0.3845485948,0.4142856991,,,,,
2.18,0.4003495548,0.4469649468,,,,,
2.2,0.3476813586,0.4934215367,,,,,
2.22,0.347867589,0.5400861562,,,,,
2.24,0.3754961489,0.5788694173,,,,,
2.26,0.3472773538,0.6014462331,,,,,
2.28,0.3342822507,0.6099624454,,,,,
2.3,0.4154565785,0.6097210087,,,,,
2.32,1.454978195,0.6062414048,116,2.32,640,wfdb_xqrs,ok
2.34,0.7343526628,0.5898370942,,,,,
2.36,0.3379812033,0.5631460589,,,,,
2.38,0.3733171153,0.5343967492,,,,,
2.4,0.341430739,0.5130619453,,,,,
2.42,0.3972578479,0.5003089719,,,,,
2.44,0.4062846609,0.4943831559,,,,,
2.46,0.4432531259,0.4872120794,,,,,
2.48,0.4903304379,0.4764021727,,,,,
2.5,0.5808159733,0.4665084396,,,,,
2.52,0.6956209244,0.46045788,,,,,
2.54,0.7900450354,0.4549326775,,,,,
2.56,0.7774968111,0.4458208052,,,,,
2.58,0.6752463799,0.4355869748,,,,,
2.6,0.5272218956,0.423906933,,,,,
2.62,0.4408409382,0.4125997432,,,,,
2.64,0.3996876225,0.4090149104,,,,,
2.66,0.396305694,0.4096396533,,,,,
2.68,0.4173288435,0.4105125105,,,,,
2.7,0.4210269854,0.4104082931,,,,,
2.72,0.4228535121,0.4107490827,,,,,
2.74,0.4198218129,0.4107472418,,,,,
2.76,0.4029123862,0.4097234579,,,,,
2.78,0.3963101494,0.409542757,,,,,
2.8,0.3972941034,0.4122832315,,,,,
2.82,0.4118292809,0.430958284,,,,,
2.84,0.378269196,0.475723861,,,,,
2.86,0.3560654414,0.5280804548,,,,,
2.88,0.3645163968,0.5697879595,,,,,
2.9,0.3389885556,0.59015562,,,,,
2.92,0.3359917111,0.5995321797,,,,,
2.94,0.383738431,0.5991970543,,,,,
2.96,1.445959473,0.5901255621,148,2.96,640,wfdb_xqrs,ok
2.98,0.720457989,0.572130179,,,,,
3,0.265816239,0.5449353033,,,,,
3.02,0.3531452283,0.5104520506,,,,,
3.04,0.2950337016,0.4820886557,,,,,
3.06,0.3563151389,0.4711854666,,,,,
3.08,0.3502617249,0.4675268299,,,,,
3.1,0.3899483564,0.4643534219,,,,,
3.12,0.4429424937,0.4588397712,,,,,
3.14,0.5495397458,0.4511789929,,,,,
3.16,0.6786220478,0.4407274302,,,,,
3.18,0.751601489,0.4275110524,,,,,
3.2,0.724308466,0.4174585049,,,,,
3.22,0.5942992533,0.4116256253,,,,,
3.24,0.4241462041,0.4085968881,,,,,
3.26,0.3334501035,0.4050034187,,,,,
3.28,0.2968509048,0.4027766569,,,,,
3.3,0.2874462091,0.4010566121,,,,,
3.32,0.3047005614,0.3967037066,,,,,
3.34,0.3291365411,0.3907657072,,,,,
3.36,0.3373414252,0.388209684,,,,,
3.38,0.3533463716,0.3879536977,,,,,
3.4,0.3515460697,0.3853534183,,,,,
3.42,0.3451429552,0.3799325006,,,,,
3.44,0.3511165681,0.3796242922,,,,,
3.46,0.3805759453,0.3919086793,,,,,
3.48,0.3339570823,0.4242668576,,,,,
3.5,0.3439858864,0.4674174397,,,,,
3.52,0.3166396392,0.5134837652,,,,,
3.54,0.3300198566,0.5494575073,,,,,
3.56,0.2489648056,0.5704359714,,,,,
3.58,0.5485722165,0.5764258016,,,,,
3.6,1.549679755,0.5764869903,180,3.6,640,wfdb_xqrs,ok
3.62,0.5097414619,0.5662689098,,,,,
3.64,0.3379105549,0.5395591472,,,,,
3.66,0.3593207678,0.5097143082,,,,,
3.68,0.3407127348,0.4898240447,,,,,
3.7,0.3950453629,0.4787049121,,,,,
3.72,0.4025000241,0.4727513352,,,,,
3.74,0.4314432105,0.4681121005,,,,,
3.76,0.4861899939,0.4631280155,,,,,
3.78,0.6073862386,0.4569534349,,,,,
3.8,0.7537941739,0.4487273594,,,,,
3.82,0.8211579559,0.4380819872,,,,,
3.84,0.7575383553,0.4271355419,,,,,
3.86,0.6085884771,0.4157440143,,,,,
3.88,0.4543399342,0.4080354648,,,,,
3.9,0.3659303257,0.4052683373,,,,,
3.92,0.335294795,0.4033684774,,,,,
3.94,0.3344641396,0.3997084122,,,,,
3.96,0.3524655042,0.3986980531,,,,,
3.98,0.3665340649,0.3990413636,,,,,
4,0.3937263696,0.3979579387,,,,,
4.02,0.3970331842,0.3927400722,,,,,
4.04,0.3988166471,0.3861753464,,,,,
4.06,0.3705184325,0.3800387627,,,,,
4.08,0.3774003352,0.3818689239,,,,,
4.1,0.4109710843,0.3953095618,,,,,
4.12,0.384101411,0.4302742571,,,,,
4.14,0.3417713656,0.481333019,,,,,
4.16,0.3820777777,0.527049456,,,,,
4.18,0.3360435082,0.5555050593,,,,,
4.2,0.358175826,0.569412119,,,,,
4.22,0.2888077629,0.5755034434,,,,,
4.24,1.392852838,0.5745846456,212,4.248,648,wfdb_xqrs,ok
4.26,0.8774194304,0.5617509507,,,,,
4.28,0.2966404625,0.5385954855,,,,,
4.3,0.3709763174,0.5144523412,,,,,
4.32,0.3127586554,0.4934191511,,,,,
4.34,0.3852901244,0.4819192894,,,,,
4.36,0.3683236097,0.4793141447,,,,,
4.38,0.4190628613,0.475908882,,,,,
4.4,0.4583964801,0.4663312207,,,,,
4.42,0.5605929439,0.4540038472,,,,,
4.44,0.6741398369,0.4417848009,,,,,
4.46,0.750486429,0.4311839505,,,,,
4.48,0.746210526,0.4236798139,,,,,
4.5,0.6360615739,0.4176558617,,,,,
4.52,0.4928104449,0.4133233363,,,,,
4.54,0.3967656538,0.4114794085,,,,,
4.56,0.3729569954,0.4116147132,,,,,
4.58,0.3643725814,0.4108196529,,,,,
4.6,0.3713743021,0.409448491,,,,,
4.62,0.3874661195,0.409515993,,,,,
4.64,0.3973687039,0.4114134724,,,,,
4.66,0.4029317559,0.4200634524,,,,,
4.68,0.4060090245,0.4224114926,,,,,
4.7,0.3895179804,0.4221907516,,,,,
4.72,0.3913864959,0.4252034588,,,,,
4.74,0.4350077514,0.4472985726,,,,,
4.76,0.420995995,0.4958061713,,,,,
4.78,0.4029792038,0.5491419893,,,,,
4.8,0.446786934,0.5856129783,,,,,
4.82,0.4033930915,0.6094179164,,,,,
4.84,0.4448336928,0.620103585,,,,,
4.86,0.3763900291,0.6217093817,,,,,
4.88,1.4114261,0.6180671795,244,4.888,640,wfdb_xqrs,ok
4.9,0.8990396683,0.6030651502,,,,,
4.92,0.3361521425,0.5796893868,,,,,
4.94,0.4194067679,0.5488467807,,,,,
4.96,0.3419780361,0.5210912015,,,,,
4.98,0.4060328561,0.5047291421,,,,,
5,0.3954265586,0.4979162008,,,,,
5.02,0.4424099732,0.4944405517,,,,,
5.04,0.471206371,0.4879806647,,,,,
5.06,0.5588523088,0.4778357488,,,,,
5.08,0.6731833891,0.4683142107,,,,,
5.1,0.7418920889,0.4574414048,,,,,
5.12,0.7265033917,0.4478129579,,,,,
5.14,0.6147303698,0.4380960867,,,,,
5.16,0.4558960573,0.4272918688,,,,,
5.18,0.3581632095,0.4199875176,,,,,
5.2,0.3174378509,0.4146818087,,,,,
5.22,0.3053836464,0.4085846375,,,,,
5.24,0.3233343781,0.4062974475,,,,,
5.26,0.3350016734,0.4093296472,,,,,
5.28,0.3418559821,0.414354429,,,,,
5.3,0.3422214099,0.4162217839,,,,,
5.32,0.3296177169,0.4145690281,,,,,
5.34,0.3295491198,0.4109522814,,,,,
5.36,0.3471603238,0.4116411481,,,,,
5.38,0.3595341372,0.4235406857,,,,,
5.4,0.29504684,0.4539736286,,,,,
5.42,0.3439044214,0.5011615983,,,,,
5.44,0.2817690327,0.544637294,,,,,
5.46,0.3783347878,0.5734035272,,,,,
5.48,0.1844119027,0.5877962704,,,,,
5.5,0.9712138959,0.5907160178,,,,,
5.52,1.343524794,0.586746155,276,5.512,624,wfdb_xqrs,ok
5.54,0.2601586688,0.5735806274,,,,,
5.56,0.3583693304,0.5488813819,,,,,
5.58,0.2626293936,0.5185040423,,,,,
5.6,0.3413328482,0.4985987656,,,,,
5.62,0.3187582497,0.4847475462,,,,,
5.64,0.3802012179,0.4800408216,,,,,
5.66,0.4211459555,0.4759702802,,,,,
5.68,0.514929089,0.4663179001,,,,,
5.7,0.6307304705,0.4550945977,,,,,
5.72,0.7469184396,0.4447122748,,,,,
5.74,0.7652111281,0.4335992741,,,,,
5.76,0.6714433,0.4239066164,,,,,
5.78,0.4794855324,0.4174609228,,,,,
5.8,0.3292139144,0.4132207465,,,,,
5.82,0.2679956859,0.4128122517,,,,,
5.84,0.2709859998,0.4146493712,,,,,
5.86,0.3078651042,0.4193470225,,,,,
5.88,0.3294021027,0.4227704559,,,,,
5.9,0.3550658601,0.4230787006,,,,,
5.92,0.3772747733,0.4237884803,,,,,
5.94,0.3672529382,0.4212580473,,,,,
5.96,0.3371466284,0.4149890147,,,,,
5.98,0.3433523958,0.4092181262,,,,,
6,0.371348748,0.4105837589,,,,,
6.02,0.3842698455,0.4226770828,,,,,
6.04,0.3120777634,0.4507250389,,,,,
6.06,0.3764210409,0.4948601649,,,,,
6.08,0.3058088684,0.5333073126,,,,,
6.1,0.3995168736,0.5577509841,,,,,
6.12,0.2070968853,0.5760106058,,,,,
6.14,1.067215475,0.5823528004,,,,,
6.16,1.335916697,0.577248132,308,6.152,640,wfdb_xqrs,ok
6.18,0.3090057313,0.557677815,,,,,
6.2,0.4128687111,0.530934372,,,,,
6.22,0.3122931452,0.5028258042,,,,,
6.24,0.392855491,0.4827950451,,,,,
6.26,0.3743665505,0.4705266717,,,,,
6.28,0.4124798339,0.4664900224,,,,,
6.3,0.4607144914,0.4635429796,,,,,
6.32,0.5332783361,0.4543389242,,,,,
6.34,0.6435945345,0.4423164865,,,,,
6.36,0.7513204424,0.4307395793,,,,,
6.38,0.7721182706,0.4242336382,,,,,
6.4,0.6899863898,0.4200298536,,,,,
6.42,0.5397614395,0.4148358466,,,,,
6.44,0.4205881977,0.4144263226,,,,,
6.46,0.3572364666,0.4148302195,,,,,
6.48,0.3434565183,0.418044448,,,,,
6.5,0.3570053539,0.4209324046,,,,,
6.52,0.3634301993,0.4235581795,,,,,
6.54,0.3869685502,0.4242156002,,,,,
6.56,0.4060436154,0.4239732193,,,,,
6.58,0.390232429,0.4214399793,,,,,
6.6,0.3683199989,0.4171513171,,,,,
6.62,0.3840026104,0.4159881011,,,,,
6.64,0.4069998982,0.4311460994,,,,,
6.66,0.3976516825,0.473773942,,,,,
6.68,0.3341483472,0.5274713204,,,,,
6.7,0.4023483287,0.5646899362,,,,,
6.72,0.3148247077,0.5914898385,,,,,
6.74,0.4119618144,0.6067688591,,,,,
6.76,0.2054514964,0.6113096715,,,,,
6.78,1.197799224,0.6094684717,,,,,
6.8,1.09169655,0.6024259081,340,6.792,640,wfdb_xqrs,ok
6.82,0.2900123179,0.5857533381,,,,,
6.84,0.409500128,0.557077986,,,,,
6.86,0.2951783435,0.525071005,,,,,
6.88,0.3857338987,0.5011755952,,,,,
6.9,0.3721823526,0.4867938926,,,,,
6.92,0.423942055,0.4778804059,,,,,
6.94,0.4454323642,0.4708450911,,,,,
6.96,0.5392770832,0.4636314067,,,,,
6.98,0.6493122771,0.4559197163,,,,,
7,0.7389781304,0.4498404256,,,,,
7.02,0.746732305,0.4395746558,,,,,
7.04,0.6599392958,0.4283160505,,,,,
7.06,0.5270427889,0.4182966013,,,,,
7.08,0.4305202993,0.4112482903,,,,,
7.1,0.400737091,0.4081702466,,,,,
7.12,0.4090137266,0.4060032054,,,,,
7.14,0.434584129,0.4038546575,,,,,
7.16,0.4473360023,0.4058853545,,,,,
7.18,0.4470570698,0.4083272002,,,,,
7.2,0.445775693,0.4055576993,,,,,
7.22,0.4338390356,0.4017531643,,,,,
7.24,0.4207741967,0.3997217909,,,,,
7.26,0.4229363087,0.4020727056,,,,,
7.28,0.4385170264,0.4159099041,,,,,
7.3,0.4050209539,0.449785321,,,,,
7.32,0.3778891643,0.5006086486,,,,,
7.34,0.4069737677,0.5465931732,,,,,
7.36,0.3614780988,0.5747052141,,,,,
7.38,0.3751571146,0.584361615,,,,,
7.4,0.3810367182,0.5855198583,,,,,
7.42,1.50070812,0.5827087218,371,7.424,632,wfdb_xqrs,ok
7.44,0.8006162776,0.5744696483,,,,,
7.46,0.2694706247,0.5554905975,,,,,
7.48,0.382395423,0.5233716127,,,,,
7.5,0.3082432513,0.4920555668,,,,,
7.52,0.364388026,0.4712108281,,,,,
7.54,0.3558736913,0.4616903665,,,,,
7.56,0.3995114837,0.4532619386,,,,,
7.58,0.4378017626,0.4463860972,,,,,
7.6,0.5399046451,0.4382522854,,,,,
7.62,0.6564492852,0.4287300157,,,,,
7.64,0.7247921609,0.422046403,,,,,
7.66,0.7071931727,0.4140741068,,,,,
7.68,0.5792154884,0.4085175504,,,,,
7.7,0.4254311997,0.4033461016,,,,,
7.72,0.332514012,0.3967902467,,,,,
7.74,0.2903867414,0.3908736513,,,,,
7.76,0.2943892404,0.3897326729,,,,,
7.78,0.3055761844,0.3931145,,,,,
7.8,0.3300070894,0.3928302016,,,,,
7.82,0.3466429043,0.3895017373,,,,,
7.84,0.3506128337,0.3871384597,,,,,
7.86,0.3383117308,0.3839970816,,,,,
7.88,0.3347773714,0.3794459462,,,,,
7.9,0.337894905,0.3774699149,,,,,
7.92,0.3650718726,0.3878639059,,,,,
7.94,0.2975800969,0.4207656835,,,,,
7.96,0.3459204183,0.4715255632,,,,,
7.98,0.2899644042,0.5140065031,,,,,
8,0.3731150328,0.5461993048,,,,,
8.02,0.206323091,0.5681325515,,,,,
8.04,0.8685867602,0.5716582058,,,,,
8.06,1.439983088,0.5666535643,403,8.056,632,wfdb_xqrs,ok
8.08,0.316253761,0.556330296,,,,,
8.1,0.3668512074,0.5393649082,,,,,
8.12,0.2904229329,0.5121260925,,,,,
8.14,0.3313274039,0.4835748584,,,,,
8.16,0.3157940783,0.465189671,,,,,
8.18,0.3441787912,0.4575018465,,,,,
8.2,0.3800610736,0.4567532744,,,,,
8.22,0.4768710235,0.4553867934,,,,,
8.24,0.6210419608,0.4499252311,,,,,
8.26,0.7723372089,0.4394448907,,,,,
8.28,0.8192370819,0.4273571854,,,,,
8.3,0.7421142986,0.4172220741,,,,,
8.32,0.5456762934,0.4088471934,,,,,
8.34,0.4001998508,0.4066988062,,,,,
8.36,0.3024460804,0.4077233787,,,,,
8.38,0.2813185885,0.4079478918,,,,,
8.4,0.3040372802,0.4067898047,,,,,
8.42,0.3258532649,0.404774943,,,,,
8.44,0.3563051807,0.405522962,,,,,
8.46,0.3742097054,0.4028345011,,,,,
8.48,0.3792110997,0.3978283532,,,,,
8.5,0.3609320172,0.392413554,,,,,
8.52,0.3683887318,0.3890641133,,,,,
8.54,0.3864851331,0.3906259627,,,,,
8.56,0.4003551622,0.4028784588,,,,,
8.58,0.331146631,0.4296032794,,,,,
8.6,0.3834379752,0.4704356365,,,,,
8.62,0.3285191108,0.5163923716,,,,,
8.64,0.3978787678,0.5516107877,,,,,
8.66,0.2443135405,0.5660555182,,,,,
8.68,0.7730819222,0.5637426226,,,,,
8.7,1.503070263,0.5531419687,435,8.696,640,wfdb_xqrs,ok
8.72,0.4569048744,0.5347358696,,,,,
8.74,0.385264515,0.5068025897,,,,,
8.76,0.3256493078,0.4857058699,,,,,
8.78,0.3810135501,0.4734920583,,,,,
8.8,0.3769350103,0.4698450546,,,,,
8.82,0.4107354029,0.4665256711,,,,,
8.84,0.4521820253,0.4591302908,,,,,
8.86,0.5046026674,0.4501385757,,,,,
8.88,0.6150284317,0.4430344859,,,,,
8.9,0.7279256554,0.4377531965,,,,,
8.92,0.7805867185,0.4318606926,,,,,
8.94,0.7246472371,0.4255742784,,,,,
8.96,0.5738837772,0.4208544326,,,,,
8.98,0.4452454473,0.4178501849,,,,,
9,0.382163601,0.4134629764,,,,,
9.02,0.3571510887,0.4102499641,,,,,
9.04,0.3615706131,0.4113731642,,,,,
9.06,0.3733953147,0.4109398967,,,,,
9.08,0.3832901148,0.4107838526,,,,,
9.1,0.400262344,0.4154961613,,,,,
9.12,0.4054499279,0.4185433603,,,,,
9.14,0.3942227138,0.4182088187,,,,,
9.16,0.380200201,0.4196852516,,,,,
9.18,0.410659147,0.4236474448,,,,,
9.2,0.4311257773,0.4505532289,,,,,
9.22,0.3613734022,0.499733229,,,,,
9.24,0.4222186011,0.5519051957,,,,,
9.26,0.325194091,0.5880482978,,,,,
9.28,0.4297382477,0.6021027384,,,,,
9.3,0.22442225,0.6057715767,,,,,
9.32,0.9448128229,0.6058433324,,,,,
9.34,1.322062879,0.5987118613,467,9.336,640,wfdb_xqrs,ok
9.36,0.3519473765,0.5833818295,,,,,
9.38,0.4238908886,0.562430393,,,,,
9.4,0.3397226391,0.5371397481,,,,,
9.42,0.4474582715,0.513757819,,,,,
9.44,0.4530625445,0.4983202401,,,,,
9.46,0.4993038034,0.4896107046,,,,,
9.48,0.530500513,0.4817007633,,,,,
9.5,0.5987082316,0.4720745139,,,,,
9.52,0.6966519647,0.4630133746,,,,,
9.54,0.7922084229,0.4535996853,,,,,
9.56,0.8181270271,0.4437225609,,,,,
9.58,0.7287943404,0.4348475614,,,,,
9.6,0.5748185018,0.425347319,,,,,
9.62,0.4374048311,0.4195090641,,,,,
9.64,0.3727896187,0.4165283246,,,,,
9.66,0.3547560652,0.414980922,,,,,
9.68,0.361299391,0.4171817746,,,,,
9.7,0.3773279614,0.4183353994,,,,,
9.72,0.3825815604,0.4172827652,,,,,
9.74,0.3856821816,0.4181859431,,,,,
9.76,0.3710750959,0.4162987489,,,,,
9.78,0.3476837231,0.4125587647,,,,,
9.8,0.3583410942,0.4125814969,,,,,
9.82,0.3714589745,0.4194494207,,,,,
9.84,0.3453597389,0.4438706454,,,,,
9.86,0.3110733687,0.487353984,,,,,
9.88,0.3536811437,0.5252748207,,,,,
9.9,0.2986050883,0.5551400155,,,,,
9.92,0.336463536,0.5723913613,,,,,
9.94,0.2605380226,0.5782561798,,,,,
9.96,1.395090397,0.5785833561,498,9.968,632,wfdb_xqrs,ok
9.98,0.7949679841,0.5720254478,,,,,
10,0.2176681815,0.5572674524,,,,,
10.02,0.3434813746,0.5319558074,,,,,
10.04,0.2713985228,0.5034773259,,,,,
10.06,0.3493847564,0.4852568763,,,,,
10.08,0.3340305113,0.4771801263,,,,,
10.1,0.3927331555,0.4720802542,,,,,
10.12,0.4443352281,0.4632961647,,,,,
10.14,0.5417925441,0.4510378463,,,,,
10.16,0.6723590346,0.4389074822,,,,,
10.18,0.7509132359,0.4278506776,,,,,
10.2,0.7263518644,0.4195048166,,,,,
10.22,0.5972137701,0.414456692,,,,,
10.24,0.4227846233,0.4088816223,,,,,
10.26,0.3147906173,0.4027347686,,,,,
10.28,0.2834317436,0.3987014711,,,,,
10.3,0.2746383365,0.4008543937,,,,,
10.32,0.2902005164,0.4042633184,,,,,
10.34,0.318130651,0.4032234252,,,,,
10.36,0.3341894965,0.4015782341,,,,,
10.38,0.3309259729,0.4010534406,,,,,
10.4,0.3063410119,0.3997765875,,,,,
10.42,0.2997137528,0.3947149609,,,,,
10.44,0.3118347881,0.391630182,,,,,
10.46,0.3359875871,0.3991069071,,,,,
10.48,0.3000644509,0.4204444462,,,,,
10.5,0.3342200043,0.4585360276,,,,,
10.52,0.3273865523,0.5046273382,,,,,
10.54,0.3637788296,0.5396384867,,,,,
10.56,0.2676725056,0.5621004177,,,,,
10.58,0.5554559783,0.5706454644,,,,,
10.6,1.545160539,0.5717296014,530,10.6,632,wfdb_xqrs,ok
10.62,0.5204924209,0.564459232,,,,,
10.64,0.3214833178,0.5439314636,,,,,
10.66,0.3262651505,0.5134289364,,,,,
10.68,0.332582749,0.4921599863,,,,,
10.7,0.3670609139,0.4801110303,,,,,
10.72,0.3870647159,0.474579155,,,,,
10.74,0.4297365312,0.4694346883,,,,,
10.76,0.4969200399,0.4604691943,,,,,
10.78,0.597125128,0.4504965545,,,,,
10.8,0.7152731766,0.4396421708,,,,,
10.82,0.778947659,0.428031893,,,,,
10.84,0.7409035863,0.4193076532,,,,,
10.86,0.590757522,0.4128283701,,,,,
10.88,0.4420689022,0.4081801415,,,,,
10.9,0.3605394899,0.4033912702,,,,,
10.92,0.3275798187,0.4008794241,,,,,
10.94,0.3244045039,0.4010046103,,,,,
10.96,0.352307162,0.4009103542,,,,,
10.98,0.371919527,0.3992403994,,,,,
11,0.3839394169,0.3974167768,,,,,
11.02,0.3945000672,0.396688428,,,,,
11.04,0.3723433281,0.3950255725,,,,,
11.06,0.3724112636,0.3922748918,,,,,
11.08,0.3894092577,0.3956434242,,,,,
11.1,0.408727029,0.4152947472,,,,,
11.12,0.3449645703,0.4594138086,,,,,
11.14,0.380385159,0.5146485292,,,,,
11.16,0.3338689385,0.5586632122,,,,,
11.18,0.3957324101,0.5785059824,,,,,
11.2,0.2272308035,0.5857715069,,,,,
11.22,0.7116651174,0.5848069305,,,,,
11.24,1.435967849,0.5790001994,562,11.24,640,wfdb_xqrs,ok
11.26,0.4526191769,0.5691574437,,,,,
11.28,0.3903338332,0.5529135426,,,,,
11.3,0.3287038811,0.5262562768,,,,,
11.32,0.3714809481,0.5019201733,,,,,
11.34,0.3660883179,0.4905213973,,,,,
11.36,0.4003631171,0.4850909072,,,,,
11.38,0.4252606711,0.4814632347,,,,,
11.4,0.4876296179,0.4745977452,,,,,
11.42,0.5906121799,0.46532779,,,,,
11.44,0.6970943331,0.4563723285,,,,,
11.46,0.7379944745,0.4449709884,,,,,
11.48,0.6930196333,0.4339299661,,,,,
11.5,0.5640553567,0.4241707132,,,,,
11.52,0.4331846751,0.4209643134,,,,,
11.54,0.3615592714,0.4196752402,,,,,
11.56,0.3469055953,0.4182147133,,,,,
11.58,0.3590756167,0.418470349,,,,,
11.6,0.3729542574,0.4192650794,,,,,
11.62,0.3739068541,0.4192247009,,,,,
11.64,0.3874492234,0.4174420087,,,,,
11.66,0.3992046124,0.413865232,,,,,
11.68,0.3851416007,0.4109999718,,,,,
11.7,0.3759494219,0.4122578781,,,,,
11.72,0.4117643616,0.4239430644,,,,,
11.74,0.4014131676,0.4567672056,,,,,
11.76,0.3360119,0.508887585,,,,,
11.78,0.4017806403,0.5505124136,,,,,
11.8,0.3339002444,0.5800275472,,,,,
11.82,0.4403192329,0.5978695324,,,,,
11.84,0.2621978838,0.6036564521,,,,,
11.86,1.198285615,0.6036488893,,,,,
11.88,1.145628682,0.5984513362,594,11.872,632,wfdb_xqrs,ok
11.9,0.3368554066,0.5818398972,,,,,
11.92,0.4478100123,0.554881104,,,,,
11.94,0.3310612908,0.5251324791,,,,,
11.96,0.4263791021,0.503747765,,,,,
11.98,0.4062279451,0.4942098111,,,,,
12,0.4527559142,0.4867561921,,,,,
12.02,0.4693506819,0.4797707624,,,,,
12.04,0.5477239903,0.4722952442,,,,,
12.06,0.6573250497,0.4634267623,,,,,
12.08,0.7421441354,0.4551914823,,,,,
12.1,0.751696413,0.4465873535,,,,,
12.12,0.6523714143,0.4350698368,,,,,
12.14,0.4947539626,0.4239287309,,,,,
12.16,0.3895355896,0.4177102402,,,,,
12.18,0.3408436078,0.4185531798,,,,,
12.2,0.3258326632,0.4200485036,,,,,
12.22,0.330767499,0.4171835286,,,,,
12.24,0.3474752279,0.4114761316,,,,,
12.26,0.3575032588,0.4057289211,,,,,
12.28,0.3520548512,0.4031237817,,,,,
12.3,0.3379057827,0.4027796735,,,,,
12.32,0.3336552142,0.4017411389,,,,,
12.34,0.3436916588,0.4018170496,,,,,
12.36,0.3605036675,0.4129847007,,,,,
12.38,0.3082121393,0.4391365122,,,,,
12.4,0.330514656,0.485464789,,,,,
12.42,0.3030989611,0.5335040156,,,,,
12.44,0.3471440361,0.5660127839,,,,,
12.46,0.226171557,0.5766370852,,,,,
12.48,0.630699951,0.5767535247,,,,,
12.5,1.479467375,0.5768705643,625,12.496,624,wfdb_xqrs,ok
12.52,0.4188265442,0.5716917237,,,,,
12.54,0.3075908799,0.5496663823,,,,,
12.56,0.2936230582,0.5179209369,,,,,
12.58,0.3129170723,0.4912302981,,,,,
12.6,0.3288593792,0.4723293639,,,,,
12.62,0.354951258,0.464634327,,,,,
12.64,0.3891080076,0.4592704327,,,,,
12.66,0.4674936758,0.4515804855,,,,,
12.68,0.5895740881,0.4418187855,,,,,
12.7,0.7211871882,0.4319785419,,,,,
12.72,0.7666707871,0.4228967857,,,,,
12.74,0.6882813645,0.4156384026,,,,,
12.76,0.524347144,0.4094749519,,,,,
12.78,0.3691470514,0.4051307072,,,,,
12.8,0.3024250344,0.4033491369,,,,,
12.82,0.2960503548,0.4026686373,,,,,
12.84,0.2933827317,0.4019517739,,,,,
12.86,0.308053861,0.3989618098,,,,,
12.88,0.3383022064,0.400580636,,,,,
12.9,0.3540499907,0.4052422814,,,,,
12.92,0.3400605664,0.4064788386,,,,,
12.94,0.3551452639,0.4026952309,,,,,
12.96,0.3345873282,0.396823057,,,,,
12.98,0.3584988881,0.3966080591,,,,,
13,0.3869648558,0.4059550607,,,,,
13.02,0.318871121,0.434837599,,,,,
13.04,0.3543941956,0.4870982566,,,,,
13.06,0.2984010841,0.5434741907,,,,,
13.08,0.3840337185,0.582866493,,,,,
13.1,0.2291153453,0.602991245,,,,,
13.12,0.8898946108,0.6078964635,,,,,
13.14,1.463639568,0.5998916545,657,13.136,640,wfdb_xqrs,ok
13.16,0.349816952,0.583134523,,,,,
13.18,0.3829327146,0.5605294584,,,,,
13.2,0.3147368976,0.5343064828,,,,,
13.22,0.3680581385,0.5128284591,,,,,
13.24,0.375605312,0.5022647861,,,,,
13.26,0.4420125699,0.5005225722,,,,,
13.28,0.4962715781,0.4994607918,,,,,
13.3,0.575797605,0.4994925704,,,,,
13.32,0.6870696902,0.4995358425,,,,,
13.34,0.7937405627,0.4994054346,,,,,
13.36,0.8030800801,0.4997024264,,,,,
13.38,0.7220364505,0.4963064116,,,,,
13.4,0.5692493065,0.4864886794,,,,,
13.42,0.4336888577,0.4761050286,,,,,
13.44,0.3677702713,0.4672860878,,,,,
13.46,0.3584682754,0.457001727,,,,,
13.48,0.3657162883,0.4524309313,,,,,
13.5,0.3891768879,0.4500779439,,,,,
13.52,0.4160155296,0.4433763031,,,,,
13.54,0.4342963075,0.4328024634,,,,,
13.56,0.4318449948,0.4233522368,,,,,
13.58,0.4103399092,0.4182491376,,,,,
13.6,0.3963208155,0.4121409103,,,,,
13.62,0.4077150138,0.4082823528,,,,,
13.64,0.4342988101,0.4158104222,,,,,
13.66,0.3763015041,0.4375624443,,,,,
13.68,0.402808511,0.4730008619,,,,,
13.7,0.3716671119,0.5117670379,,,,,
13.72,0.4049276375,0.538782399,,,,,
13.74,0.300792528,0.551565154,,,,,
13.76,0.5895644502,0.550834745,,,,,
13.78,1.474896655,0.5410136285,689,13.784,648,wfdb_xqrs,ok
13.8,0.5499170055,0.5194220584,,,,,
13.82,0.383906489,0.4876552751,,,,,
13.84,0.3375252675,0.4554053197,,,,,
13.86,0.3534808235,0.4315989115,,,,,
13.88,0.3805668017,0.420436368,,,,,
13.9,0.4047097477,0.413801825,,,,,
13.92,0.442324654,0.409350452,,,,,
13.94,0.4940378209,0.4085342635,,,,,
13.96,0.5914729818,0.4078264442,,,,,
13.98,0.7109272641,0.4044521135,,,,,
14,0.7697793074,0.4001613121,,,,,
14.02,0.728036439,0.3954810187,,,,,
14.04,0.5784284415,0.3891941941,,,,,
14.06,0.4260106756,0.3837248786,,,,,
14.08,0.3467679397,0.3837622724,,,,,
14.1,0.311767719,0.385125748,,,,,
14.12,0.3119944636,0.3863109588,,,,,
14.14,0.3310825501,0.3874821575,,,,,
14.16,0.3503905626,0.3883898176,,,,,
14.18,0.357793443,0.3898432867,,,,,
14.2,0.3666785008,0.3896671897,,,,,
14.22,0.3571837186,0.3849831113,,,,,
14.24,0.3542887046,0.3852170482,,,,,
14.26,0.3709089782,0.3957889534,,,,,
14.28,0.4037668401,0.4242787343,,,,,
14.3,0.3302031319,0.476337852,,,,,
14.32,0.3345360712,0.5335915038,,,,,
14.34,0.3291572938,0.5768732499,,,,,
14.36,0.3369950279,0.5983116702,,,,,
14.38,0.2872767044,0.6032620602,,,,,
14.4,0.438187358,0.6042328448,,,,,
14.42,1.449877857,0.5982905351,721,14.424,640,wfdb_xqrs,ok
14.44,0.6015268264,0.5854138678,,,,,
14.46,0.3374260239,0.5672510015,,,,,
14.48,0.3372548357,0.5425965376,,,,,
14.5,0.3478272622,0.5126611101,,,,,
14.52,0.3790281598,0.492098634,,,,,
14.54,0.3666758025,0.4862705499,,,,,
14.56,0.4204780544,0.4811903975,,,,,
14.58,0.4691105712,0.4712289094,,,,,
14.6,0.5695780024,0.4596275464,,,,,
14.62,0.6789840544,0.4508408263,,,,,
14.64,0.7320469132,0.442033572,,,,,
14.66,0.699618074,0.4309504045,,,,,
14.68,0.5849486812,0.4223877744,,,,,
14.7,0.457025241,0.418632965,,,,,
14.72,0.3678117955,0.4167217944,,,,,
14.74,0.3317286491,0.4161841706,,,,,
14.76,0.3351764069,0.4167287291,,,,,
14.78,0.3472292854,0.4164063999,,,,,
14.8,0.3577347212,0.4146911728,,,,,
14.82,0.3644362308,0.4134337125,,,,,
14.84,0.3788072582,0.4133419967,,,,,
14.86,0.3687747779,0.4103703364,,,,,
14.88,0.3563069728,0.4094400769,,,,,
14.9,0.3894924362,0.4227120665,,,,,
14.92,0.4026548329,0.4519993489,,,,,
14.94,0.3396324854,0.5012827264,,,,,
14.96,0.3655584812,0.548044066,,,,,
14.98,0.3347636996,0.5783095353,,,,,
15,0.3732216498,0.5983658443,,,,,
15.02,0.2570709008,0.6091256492,,,,,
15.04,0.6060088313,0.6099771004,,,,,
15.06,1.455840339,0.6012899949,753,15.056,632,wfdb_xqrs,ok
15.08,0.4837869507,0.5868299364,,,,,
15.1,0.3705107535,0.5658250646,,,,,
15.12,0.3270880274,0.5405868608,,,,,
15.14,0.35210296,0.5180159294,,,,,
15.16,0.377817689,0.505449872,,,,,
15.18,0.4050257949,0.5027939878,,,,,
15.2,0.4342216872,0.4958692288,,,,,
15.22,0.4831711018,0.4847803517,,,,,
15.24,0.5859149366,0.4733649402,,,,,
15.26,0.6976005789,0.4637390851,,,,,
15.28,0.7487931025,0.4563212658,,,,,
15.3,0.7164898906,0.4467117107,,,,,
15.32,0.6161295673,0.4362805857,,,,,
15.34,0.5085153585,0.4273042531,,,,,
15.36,0.4383774473,0.4234020647,,,,,
15.38,0.4037716392,0.4232539168,,,,,
15.4,0.4117131613,0.4242964298,,,,,
15.42,0.4222732581,0.4235995875,,,,,
15.44,0.4231614574,0.4214310548,,,,,
15.46,0.4139340426,0.4216613611,,,,,
15.48,0.3964159186,0.4241155481,,,,,
15.5,0.3848596953,0.4218675385,,,,,
15.52,0.3736064223,0.4203866157,,,,,
15.54,0.3893495032,0.4266737981,,,,,
15.56,0.4047982444,0.4451065216,,,,,
15.58,0.3415972843,0.4815276216,,,,,
15.6,0.3841977917,0.5289285307,,,,,
15.62,0.3163112114,0.566138788,,,,,
15.64,0.394333452,0.5859293447,,,,,
15.66,0.2168805172,0.5923307575,,,,,
15.68,0.8499398315,0.5924362764,,,,,
15.7,1.387245288,0.586890511,785,15.696,640,wfdb_xqrs,ok
15.72,0.3019997878,0.5715729534,,,,,
15.74,0.3629365956,0.5456080107,,,,,
15.76,0.2770163229,0.5172234223,,,,,
15.78,0.337456232,0.4963515455,,,,,
15.8,0.3192326138,0.4807543454,,,,,
15.82,0.3736332445,0.4724952395,,,,,
15.84,0.4004943867,0.4675867599,,,,,
15.86,0.474182607,0.4604289145,,,,,
15.88,0.5745661115,0.45257207,,,,,
15.9,0.6845189458,0.4425207095,,,,,
15.92,0.7168833577,0.4323327005,,,,,
15.94,0.6487819001,0.4249284864,,,,,
15.96,0.5121927665,0.4220384234,,,,,
15.98,0.3788098488,0.4192984125,,,,,
16,0.3107133727,0.4134988145,,,,,
16.02,0.2992187417,0.4117046959,,,,,
16.04,0.30078067,0.4122114621,,,,,
16.06,0.3152462676,0.4101207733,,,,,
16.08,0.3333183615,0.4068232828,,,,,
16.1,0.3448289704,0.4044567867,,,,,
16.12,0.3421684305,0.4010463679,,,,,
16.14,0.3232141989,0.3952085646,,,,,
16.16,0.3252861077,0.3900660453,,,,,
16.18,0.3372352445,0.3900739097,,,,,
16.2,0.3138376409,0.405289088,,,,,
16.22,0.2561392048,0.43521944,,,,,
16.24,0.29601573,0.4782678363,,,,,
16.26,0.2263362356,0.5170351917,,,,,
16.28,0.3294561079,0.5445187096,,,,,
16.3,0.2068119864,0.5599677143,,,,,
16.32,1.337870173,0.5634453364,816,16.328,632,wfdb_xqrs,ok
16.34,1.059958668,0.5598039243,,,,,
16.36,0.2161768676,0.545247846,,,,,
16.38,0.3843858959,0.5192038288,,,,,
16.4,0.2891681631,0.4896857107,,,,,
16.42,0.3862048665,0.4698438188,,,,,
16.44,0.351424971,0.4625837787,,,,,
16.46,0.4239519294,0.4581529963,,,,,
16.48,0.4573454105,0.4514640235,,,,,
16.5,0.5514314797,0.4412730691,,,,,
16.52,0.6792765548,0.4314692734,,,,,
16.54,0.7763093803,0.4248208814,,,,,
16.56,0.7845350025,0.4191759538,,,,,
16.58,0.6917784567,0.4145519511,,,,,
16.6,0.5292617849,0.4088594693,,,,,
16.62,0.4094571211,0.4028271439,,,,,
16.64,0.350662067,0.3992606392,,,,,
16.66,0.3402543788,0.3978044918,,,,,
16.68,0.3513898663,0.3958064861,,,,,
16.7,0.3753531505,0.3908151602,,,,,
16.72,0.4039738106,0.3883353634,,,,,
16.74,0.4105177184,0.3864226424,,,,,
16.76,0.3992830959,0.3826351153,,,,,
16.78,0.3816788155,0.3767869755,,,,,
16.8,0.3837737343,0.3702213408,,,,,
16.82,0.4165764299,0.371471677,,,,,
16.84,0.4074843794,0.3946151661,,,,,
16.86,0.3464435747,0.4314742389,,,,,
16.88,0.4031920391,0.4737642866,,,,,
16.9,0.3216653755,0.514702656,,,,,
16.92,0.4161382903,0.5450097044,,,,,
16.94,0.2254661514,0.5636390047,,,,,
16.96,1.192253217,0.5646714845,848,16.968,640,wfdb_xqrs,ok
16.98,1.179486274,0.5539603904,,,,,
17,0.3297140978,0.5374479401,,,,,
17.02,0.4273769992,0.5147998795,,,,,
17.04,0.3141250761,0.4955850139,,,,,
17.06,0.4073082107,0.4828760429,,,,,
17.08,0.3798420121,0.475694328,,,,,
17.1,0.4367515662,0.4709071215,,,,,
17.12,0.4564883253,0.465290958,,,,,
17.14,0.5317419594,0.4596071527,,,,,
17.16,0.6478032233,0.4541393334,,,,,
17.18,0.7295597691,0.4491050501,,,,,
17.2,0.7425573328,0.4465526841,,,,,
17.22,0.6630962012,0.4418078934,,,,,
17.24,0.535380552,0.4369276046,,,,,
17.26,0.4288286265,0.432402421,,,,,
17.28,0.3813460457,0.4291249663,,,,,
17.3,0.3622036708,0.4278648657,,,,,
17.32,0.3810159042,0.4285203843,,,,,
17.34,0.3944398445,0.4289316992,,,,,
17.36,0.4020885358,0.4281286836,,,,,
17.38,0.4027151059,0.4280469867,,,,,
17.4,0.3985122448,0.4279684642,,,,,
17.42,0.3836681456,0.4246955972,,,,,
17.44,0.3884537045,0.4253031336,,,,,
17.46,0.423769352,0.4351419582,,,,,
17.48,0.4017565995,0.4622914174,,,,,
17.5,0.342941064,0.5078860857,,,,,
17.52,0.4122264095,0.5518911143,,,,,
17.54,0.3349425781,0.5802699366,,,,,
17.56,0.4247491529,0.5935563973,,,,,
17.58,0.2718901523,0.5960340587,,,,,
17.6,1.316205268,0.5955349292,880,17.608,640,wfdb_xqrs,ok
17.62,1.105106153,0.5878296684,,,,,
17.64,0.3322415596,0.5706228764,,,,,
17.66,0.4756118489,0.5476863215,,,,,
17.68,0.3590861988,0.5254458764,,,,,
17.7,0.4531827329,0.5102512203,,,,,
17.72,0.4163205682,0.5003512395,,,,,
17.74,0.4681545476,0.4906642036,,,,,
17.76,0.4835836177,0.4829372358,,,,,
17.78,0.5488712194,0.4741001619,,,,,
17.8,0.6441135513,0.464952412,,,,,
17.82,0.7254290836,0.4564501002,,,,,
17.84,0.7358231246,0.448572917,,,,,
17.86,0.6567097503,0.4434120721,,,,,
17.88,0.5119684876,0.4399689368,,,,,
17.9,0.4121479422,0.4368303822,,,,,
17.92,0.3597415788,0.43286067,,,,,
17.94,0.3566390055,0.4310976673,,,,,
17.96,0.3541570398,0.431045776,,,,,
17.98,0.3680567603,0.4309561961,,,,,
18,0.3799142988,0.4297906441,,,,,
18.02,0.365928442,0.4276761354,,,,,
18.04,0.3597642312,0.4231524741,,,,,
18.06,0.3445486468,0.4194195164,,,,,
18.08,0.341904553,0.4152308416,,,,,
18.1,0.368238061,0.418018262,,,,,
18.12,0.3202761463,0.4425907403,,,,,
18.14,0.325655851,0.4872103842,,,,,
18.16,0.318409476,0.5293728869,,,,,
18.18,0.3318564318,0.5603168388,,,,,
18.2,0.2646437182,0.5770127252,,,,,
18.22,0.5354568164,0.5801126815,,,,,
18.24,1.559716332,0.5805901864,912,18.24,632,wfdb_xqrs,ok
18.26,0.5369395108,0.5758308449,,,,,
18.28,0.2873835077,0.5633052986,,,,,
18.3,0.3289138386,0.537265675,,,,,
18.32,0.3106870874,0.5062055763,,,,,
18.34,0.3448812048,0.4846537991,,,,,
18.36,0.3662846718,0.4783271819,,,,,
18.38,0.4034796746,0.4766265797,,,,,
18.4,0.4620604923,0.4694677013,,,,,
18.42,0.5909047738,0.4591009356,,,,,
18.44,0.7007543524,0.4495707272,,,,,
18.46,0.7562914422,0.4436161499,,,,,
18.48,0.7167274224,0.4389969928,,,,,
18.5,0.5742234521,0.4337818451,,,,,
18.52,0.4129778176,0.4282417505,,,,,
18.54,0.3065641195,0.4228152334,,,,,
18.56,0.2712473363,0.419063598,,,,,
18.58,0.2729679363,0.4174724752,,,,,
18.6,0.2888433765,0.4153343437,,,,,
18.62,0.3115133064,0.4135602873,,,,,
18.64,0.3242443251,0.4144058252,,,,,
18.66,0.3360499946,0.4144098224,,,,,
18.68,0.3370666464,0.4122610203,,,,,
18.7,0.3422606904,0.4079805251,,,,,
18.72,0.3625484026,0.4048589658,,,,,
18.74,0.3722080992,0.4107133988,,,,,
18.76,0.322507643,0.4288070381,,,,,
18.78,0.346604509,0.4649160731,,,,,
18.8,0.2870919727,0.5106250113,,,,,
18.82,0.3651058771,0.5476494483,,,,,
18.84,0.2297541059,0.5705878737,,,,,
18.86,0.6794305597,0.5783829302,,,,,
18.88,1.451538297,0.5769968588,944,18.88,640,wfdb_xqrs,ok
18.9,0.430787016,0.5627342802,,,,,
18.92,0.3774411064,0.5379114296,,,,,
18.94,0.3268198701,0.5118515949,,,,,
18.96,0.3785730664,0.4939009898,,,,,
18.98,0.3637901267,0.4805900021,,,,,
19,0.3973177263,0.4658386233,,,,,
19.02,0.4350858592,0.4591279309,,,,,
19.04,0.5012999277,0.4487156332,,,,,
19.06,0.6243780293,0.4368896436,,,,,
19.08,0.7278910386,0.4291066135,,,,,
19.1,0.7538998774,0.4217442315,,,,,
19.12,0.6963586633,0.4159647538,,,,,
19.14,0.5726358353,0.4106310235,,,,,
19.16,0.455530384,0.4056583998,,,,,
19.18,0.367464087,0.3995004224,,,,,
19.2,0.3449351515,0.3930210203,,,,,
19.22,0.3552267518,0.3893618593,,,,,
19.24,0.3666230434,0.3889454091,,,,,
19.26,0.380667304,0.3889001256,,,,,
19.28,0.3852201443,0.3876936235,,,,,
19.3,0.3922801553,0.3869421878,,,,,
19.32,0.3895954656,0.3875883596,,,,,
19.34,0.3817902833,0.3898757212,,,,,
19.36,0.3957559291,0.396616702,,,,,
19.38,0.4204279123,0.4205672885,,,,,
19.4,0.3564248685,0.4714114388,,,,,
19.42,0.399275947,0.5329081325,,,,,
19.44,0.347755498,0.5868792597,,,,,
19.46,0.3955737052,0.6133142201,,,,,
19.48,0.2485710572,0.6211096407,,,,,
19.5,0.6627733125,0.6190310405,,,,,
19.52,1.455989918,0.6084508104,976,19.52,640,wfdb_xqrs,ok
19.54,0.4797470022,0.5952860839,,,,,
19.56,0.3888205036,0.5741357892,,,,,
19.58,0.3341325778,0.5419236738,,,,,
19.6,0.3766855218,0.5140676333,,,,,
19.62,0.3789108136,0.5023219446,,,,,
19.64,0.4093220469,0.4949928351,,,,,
19.66,0.447440675,0.4841723238,,,,,
19.68,0.5008515978,0.4741086626,,,,,
19.7,0.6007652586,0.4641929841,,,,,
19.72,0.7036024085,0.4523173378,,,,,
19.74,0.7366942005,0.440539218,,,,,
19.76,0.695496729,0.432955675,,,,,
19.78,0.5802875099,0.4271846789,,,,,
19.8,0.4665720066,0.4206413034,,,,,
19.82,0.3916018115,0.4143109787,,,,,
19.84,0.3737057563,0.410901552,,,,,
19.86,0.3891596642,0.4115527181,,,,,
19.88,0.4079156585,0.409281321,,,,,
19.9,0.4337698196,0.40712033,,,,,
19.92,0.4519512293,0.4087295929,,,,,
19.94,0.4540004243,0.4069744566,,,,,
19.96,0.4499115352,0.4026652309,,,,,
19.98,0.4295752986,0.4020007731,,,,,
20,0.4380644249,0.4087711674,,,,,
20.02,0.440094075,0.4346411684,,,,,
20.04,0.3696821998,0.4837753667,,,,,
20.06,0.3956187173,0.5351596389,,,,,
20.08,0.3458201963,0.5895115465,,,,,
20.1,0.4046397222,0.6253294982,,,,,
20.12,0.2506861475,0.635205335,,,,,
20.14,0.7126092738,0.6291159302,,,,,
20.16,1.432705461,0.616101293,1008,20.16,640,wfdb_xqrs,ok
20.18,0.4100422306,0.602594453,,,,,
20.2,0.3691618775,0.5787010134,,,,,
20.22,0.3058230167,0.5409469358,,,,,
20.24,0.3446208759,0.5107273266,,,,,
20.26,0.3438161839,0.4952591738,,,,,
20.28,0.3764638482,0.4849075384,,,,,
20.3,0.408209989,0.4717932843,,,,,
20.32,0.4712602802,0.4602486251,,,,,
20.34,0.5726188687,0.4464543856,,,,,
20.36,0.6811616059,0.435009381,,,,,
20.38,0.7214311483,0.4280989225,,,,,
20.4,0.6706129897,0.4232716608,,,,,
20.42,0.5406976259,0.418294444,,,,,
20.44,0.3988501988,0.4156092823,,,,,
20.46,0.3242920299,0.4150474655,,,,,
20.48,0.3072426129,0.4131928058,,,,,
20.5,0.32082694,0.4091332217,,,,,
20.52,0.3330189294,0.409617239,,,,,
20.54,0.3479632187,0.4085983532,,,,,
20.56,0.3573181367,0.4065082846,,,,,
20.58,0.3493353457,0.4032204239,,,,,
20.6,0.3370105889,0.3994198973,,,,,
20.62,0.338438549,0.3954660423,,,,,
20.64,0.3530595362,0.3968866471,,,,,
20.66,0.3557808774,0.4094216324,,,,,
20.68,0.2980239556,0.4442642753,,,,,
20.7,0.3701230619,0.4991032996,,,,,
20.72,0.2887000965,0.549779218,,,,,
20.74,0.3902675987,0.5875558667,,,,,
20.76,0.2023018307,0.6006190182,,,,,
20.78,1.177246806,0.6022931498,,,,,
20.8,1.141958082,0.5994852488,1040,20.792,632,wfdb_xqrs,ok
20.82,0.1913978222,0.5816754179,,,,,
20.84,0.3611568841,0.5458891059,,,,,
20.86,0.2344714986,0.5115759951,,,,,
20.88,0.3541227537,0.4868643306,,,,,
20.9,0.340469326,0.4708896344,,,,,
20.92,0.4027571018,0.4617675759,,,,,
20.94,0.450171967,0.4542606084,,,,,
20.96,0.5307811487,0.4487659842,,,,,
20.98,0.659358701,0.4415496001,,,,,
21,0.7635343529,0.4320567577,,,,,
21.02,0.7603819509,0.4261808132,,,,,
21.04,0.6633184655,0.4160651187,,,,,
21.06,0.507262581,0.4072171505,,,,,
21.08,0.3822082553,0.4012317345,,,,,
21.1,0.3304378806,0.3969201473,,,,,
21.12,0.3180456714,0.393461598,,,,,
21.14,0.324687984,0.3893660731,,,,,
21.16,0.3469874837,0.389116919,,,,,
21.18,0.376495889,0.3875079326,,,,,
21.2,0.3905271403,0.3847984277,,,,,
21.22,0.3912897967,0.3819464246,,,,,
21.24,0.364945603,0.3763339184,,,,,
21.26,0.362012291,0.3712866419,,,,,
21.28,0.3889273308,0.3698774914,,,,,
21.3,0.4144102356,0.3853536865,,,,,
21.32,0.3358054516,0.4274227677,,,,,
21.34,0.3797451519,0.4797866491,,,,,
21.36,0.3300577953,0.5218969156,,,,,
21.38,0.4163149994,0.5499921563,,,,,
21.4,0.2270080488,0.5610403119,,,,,
21.42,0.8856880248,0.5606396493,,,,,
21.44,1.388822531,0.5531000145,1072,21.432,640,wfdb_xqrs,ok
21.46,0.4134240247,0.5373499029,,,,,
21.48,0.41926614,0.5103158638,,,,,
21.5,0.3231221441,0.4835782708,,,,,
21.52,0.3869711719,0.4671959084,,,,,
21.54,0.3838772984,0.4607599698,,,,,
21.56,0.4314541135,0.4572417534,,,,,
21.58,0.4533006787,0.4482125925,,,,,
21.6,0.5172264054,0.4371945982,,,,,
21.62,0.6263910187,0.4261805812,,,,,
21.64,0.7183517476,0.419114293,,,,,
21.66,0.7448108796,0.4153738612,,,,,
21.68,0.6954773283,0.4086954567,,,,,
21.7,0.5790078388,0.405533765,,,,,
21.72,0.4598275544,0.405513613,,,,,
21.74,0.397403664,0.4032520412,,,,,
21.76,0.3826284767,0.4019189523,,,,,
21.78,0.3745342446,0.4033209668,,,,,
21.8,0.3818491236,0.4093386574,,,,,
21.82,0.3927372639,0.4089826377,,,,,
21.84,0.4095866932,0.4046715848,,,,,
21.86,0.3990486515,0.405142111,,,,,
21.88,0.4017414397,0.4047318001,,,,,
21.9,0.4052988551,0.3997534864,,,,,
21.92,0.4205725632,0.4060761745,,,,,
21.94,0.431568302,0.4365378472,,,,,
21.96,0.3519584338,0.4884139358,,,,,
21.98,0.400034299,0.5500809269,,,,,
22,0.3401863728,0.5973511508,,,,,
22.02,0.4125346302,0.6237913871,,,,,
22.04,0.2444795406,0.6316146212,,,,,
22.06,0.8717367839,0.6279638574,,,,,
22.08,1.373678377,0.6163341856,1104,22.072,640,wfdb_xqrs,ok
22.1,0.3972749213,0.6006356099,,,,,
22.12,0.4560605979,0.5747043046,,,,,
22.14,0.370264853,0.5397745758,,,,,
22.16,0.4630890756,0.510167278,,,,,
22.18,0.4547626314,0.4938503508,,,,,
22.2,0.4884877841,0.4911337978,,,,,
22.22,0.5009470884,0.4873648078,,,,,
22.24,0.5511200232,0.4760729171,,,,,
22.26,0.6395068547,0.4647572199,,,,,
22.28,0.7354246784,0.4535452535,,,,,
22.3,0.7555194227,0.4404473521,,,,,
22.32,0.6980426606,0.4267826974,,,,,
22.34,0.5662643236,0.4191524281,,,,,
22.36,0.4458408083,0.419352965,,,,,
22.38,0.3708882044,0.4154380344,,,,,
22.4,0.3576487226,0.4106788175,,,,,
22.42,0.3706669118,0.4075871005,,,,,
22.44,0.3873938879,0.4059373908,,,,,
22.46,0.3899570081,0.4050335065,,,,,
22.48,0.3815088145,0.4005164845,,,,,
22.5,0.3778797548,0.3938203579,,,,,
22.52,0.3429108646,0.3871286077,,,,,
22.54,0.3454870541,0.3809821525,,,,,
22.56,0.3623927348,0.3832312125,,,,,
22.58,0.3649920676,0.4024093594,,,,,
22.6,0.309543371,0.4451406438,,,,,
22.62,0.3668853613,0.501841398,,,,,
22.64,0.2809208722,0.5531770379,,,,,
22.66,0.3816618952,0.5847297972,,,,,
22.68,0.1887654196,0.5977302724,,,,,
22.7,1.174826663,0.5980427658,,,,,
22.72,1.119698382,0.5897818644,1136,22.712,640,wfdb_xqrs,ok
22.74,0.2035763046,0.5747380384,,,,,
22.76,0.376969127,0.5496298994,,,,,
22.78,0.2742377873,0.5165784761,,,,,
22.8,0.3685793891,0.4907157449,,,,,
22.82,0.3346176874,0.4752235365,,,,,
22.84,0.3798567937,0.4677762159,,,,,
22.86,0.415720766,0.4611721329,,,,,
22.88,0.5025130628,0.4522618891,,,,,
22.9,0.6215614344,0.4417385323,,,,,
22.92,0.7245179533,0.4296721661,,,,,
22.94,0.7239369316,0.419685559,,,,,
22.96,0.6320504588,0.4142663645,,,,,
22.98,0.4701241775,0.4079336981,,,,,
23,0.3415253246,0.400784612,,,,,
23.02,0.2817170451,0.3950383161,,,,,
23.04,0.2707477371,0.3937173353,,,,,
23.06,0.2765151124,0.3931800719,,,,,
23.08,0.293912199,0.3944459919,,,,,
23.1,0.3208133254,0.3969481657,,,,,
23.12,0.3297914558,0.3943182129,,,,,
23.14,0.3235830755,0.3930385536,,,,,
23.16,0.312227761,0.3919623513,,,,,
23.18,0.3373297874,0.3877333236,,,,,
23.2,0.3772974293,0.3870972211,,,,,
23.22,0.3542024131,0.3999768708,,,,,
23.24,0.3157217136,0.432255757,,,,,
23.26,0.3695047566,0.4785500316,,,,,
23.28,0.3167607619,0.5292212607,,,,,
23.3,0.3731381789,0.5618091837,,,,,
23.32,0.244626557,0.5778311282,,,,,
23.34,1.342224487,0.5819259237,1167,23.344,632,wfdb_xqrs,ok
23.36,0.9470434513,0.57846037,,,,,
23.38,0.2724067202,0.5617880007,,,,,
23.4,0.3981790524,0.5300340799,,,,,
23.42,0.3288477773,0.4970051157,,,,,
23.44,0.3993897774,0.4743955646,,,,,
23.46,0.3784266103,0.4615571183,,,,,
23.48,0.4476614789,0.458321282,,,,,
23.5,0.47708681,0.4546187609,,,,,
23.52,0.5699256487,0.4438060431,,,,,
23.54,0.6822465611,0.4315943999,,,,,
23.56,0.7750684509,0.4230464003,,,,,
23.58,0.7631096243,0.4160784242,,,,,
23.6,0.6654723619,0.4094965612,,,,,
23.62,0.5242983081,0.4034984351,,,,,
23.64,0.4153625247,0.3995638741,,,,,
23.66,0.356495652,0.39486683,,,,,
23.68,0.3557308453,0.390605352,,,,,
23.7,0.3631181337,0.3871036761,,,,,
23.72,0.3850696825,0.3832244006,,,,,
23.74,0.3925247761,0.3831748155,,,,,
23.76,0.3922975887,0.385442232,,,,,
23.78,0.3818321069,0.38900649,,,,,
23.8,0.359034927,0.3858839739,,,,,
23.82,0.3784460374,0.3814501754,,,,,
23.84,0.4099920884,0.389064764,,,,,
23.86,0.3882322421,0.423747656,,,,,
23.88,0.3349428308,0.4810667397,,,,,
23.9,0.3927088354,0.5374209147,,,,,
23.92,0.3269342512,0.5769914763,,,,,
23.94,0.3956153575,0.594216502,,,,,
23.96,0.2708091032,0.5986369699,,,,,
23.98,1.309186021,0.5957870002,1199,23.984,640,wfdb_xqrs,ok
24,0.9775373111,0.5866948698,,,,,
24.02,0.3031719204,0.5706474181,,,,,
24.04,0.4113512483,0.5425761325,,,,,
24.06,0.3202159237,0.5151976451,,,,,
24.08,0.4099801932,0.4972539746,,,,,
24.1,0.3831000916,0.4882612655,,,,,
24.12,0.4431745179,0.4821178404,,,,,
24.14,0.4713882549,0.4744841044,,,,,
24.16,0.5518026128,0.4670709655,,,,,
24.18,0.6503749693,0.4574804334,,,,,
24.2,0.7287105228,0.4469979939,,,,,
24.22,0.72228733,0.4372314111,,,,,
24.24,0.6333530625,0.4308484708,,,,,
24.26,0.5079204298,0.4237819523,,,,,
24.28,0.4092733229,0.4181989001,,,,,
24.3,0.3725304882,0.4143260141,,,,,
24.32,0.3587942279,0.4133356469,,,,,
24.34,0.3701047008,0.4099610693,,,,,
24.36,0.3817969485,0.4085070862,,,,,
24.38,0.3834827175,0.4085052628,,,,,
24.4,0.3983203145,0.41260144,,,,,
24.42,0.3914982836,0.4171315812,,,,,
24.44,0.3830593565,0.4164270778,,,,,
24.46,0.3903456291,0.4143108162,,,,,
24.48,0.4201492055,0.4229173848,,,,,
24.5,0.3951230218,0.454444794,,,,,
24.52,0.3644301847,0.5088260564,,,,,
24.54,0.4303191117,0.5590703375,,,,,
24.56,0.3670392845,0.5887167642,,,,,
24.58,0.4238633526,0.6062917931,,,,,
24.6,0.3432155522,0.6109577019,,,,,
24.62,1.392306251,0.6054000972,1231,24.624,640,wfdb_xqrs,ok
24.64,0.9159034438,0.5930727975,,,,,
24.66,0.3016675791,0.5746220075,,,,,
24.68,0.409160014,0.5475482493,,,,,
24.7,0.3180335033,0.5181782261,,,,,
24.72,0.4018979102,0.4992085042,,,,,
24.74,0.3775744065,0.4902588744,,,,,
24.76,0.4249657507,0.4871110616,,,,,
24.78,0.4491712425,0.4791186008,,,,,
24.8,0.531347405,0.4702744226,,,,,
24.82,0.6336325218,0.4589165368,,,,,
24.84,0.7017789056,0.4473795123,,,,,
24.86,0.7003634727,0.4363394274,,,,,
24.88,0.6118764453,0.4270948123,,,,,
24.9,0.4781070489,0.4234591488,,,,,
24.92,0.3666910604,0.4207849672,,,,,
24.94,0.3226760316,0.4192468766,,,,,
24.96,0.3267098743,0.4166083594,,,,,
24.98,0.3331131147,0.4104211953,,,,,
25,0.3449648855,0.4045110965,,,,,
25.02,0.3547904018,0.4018972729,,,,,
25.04,0.3536026205,0.4036555814,,,,,
25.06,0.339662557,0.4042184602,,,,,
25.08,0.3262080335,0.4031401829,,,,,
25.1,0.345577005,0.3996888407,,,,,
25.12,0.3632948539,0.4069741016,,,,,
25.14,0.3132176562,0.4282937007,,,,,
25.16,0.3202598785,0.4732188578,,,,,
25.18,0.3140424942,0.5291720818,,,,,
25.2,0.3249877834,0.5722671191,,,,,
25.22,0.2789680819,0.5941041402,,,,,
25.24,0.4331868381,0.5968797302,,,,,
25.26,1.480929477,0.5939571938,1263,25.264,640,wfdb_xqrs,ok
25.28,0.5709757461,0.5885812961,,,,,
25.3,0.2691951497,0.5709295087,,,,,
25.32,0.327864303,0.5364974028,,,,,
25.34,0.3002397861,0.5063225604,,,,,
25.36,0.3509205995,0.4871303467,,,,,
25.38,0.3578481184,0.4769194916,,,,,
25.4,0.4015250808,0.4712682506,,,,,
25.42,0.4646713393,0.4598785364,,,,,
25.44,0.5757566908,0.4476943325,,,,,
25.46,0.6898833657,0.4355573979,,,,,
25.48,0.7574599784,0.4262361579,,,,,
25.5,0.7140399875,0.4192878842,,,,,
25.52,0.5671041068,0.4125270077,,,,,
25.54,0.4110125022,0.4067867259,,,,,
25.56,0.2992144644,0.4058221111,,,,,
25.58,0.2513475522,0.4037630442,,,,,
25.6,0.2653065654,0.3986819445,,,,,
25.62,0.2891591171,0.3964430222,,,,,
25.64,0.3265868344,0.3980756507,,,,,
25.66,0.3558080322,0.4013076229,,,,,
25.68,0.3565234461,0.4031873502,,,,,
25.7,0.3575687343,0.4004102749,,,,,
25.72,0.3487048166,0.3952612426,,,,,
25.74,0.3592231797,0.3896729126,,,,,
25.76,0.3904231573,0.3880544318,,,,,
25.78,0.3423550527,0.4054275228,,,,,
25.8,0.3471550104,0.448040265,,,,,
25.82,0.3469175701,0.5033692593,,,,,
25.84,0.350022476,0.5480156902,,,,,
25.86,0.3082010856,0.5721163643,,,,,
25.88,0.4336886424,0.5825904055,,,,,
25.9,1.473264378,0.5816940327,1295,25.904,640,wfdb_xqrs,ok
25.92,0.633375253,0.5690351968,,,,,
25.94,0.3199013989,0.5488508108,,,,,
25.96,0.3532471907,0.5207060172,,,,,
25.98,0.3546181774,0.4918251582,,,,,
26,0.3922326451,0.4710781334,,,,,
26.02,0.4023819699,0.4600222794,,,,,
26.04,0.4519898308,0.455082705,,,,,
26.06,0.4882509856,0.4496012588,,,,,
26.08,0.582615992,0.4378755355,,,,,
26.1,0.6961205343,0.4262031328,,,,,
26.12,0.7503493253,0.4183685969,,,,,
26.14,0.7230002217,0.4140695146,,,,,
26.16,0.6084885097,0.4105788074,,,,,
26.18,0.4808417285,0.4065484136,,,,,
26.2,0.3927768955,0.4008413341,,,,,
26.22,0.3546164702,0.3949732348,,,,,
26.24,0.3555041101,0.3923453756,,,,,
26.26,0.3745027664,0.3916165814,,,,,
26.28,0.3796717387,0.3937138491,,,,,
26.3,0.3887090085,0.3996536087,,,,,
26.32,0.3918472937,0.400578994,,,,,
26.34,0.3893981444,0.3974992493,,,,,
26.36,0.3780976249,0.394186148,,,,,
26.38,0.3878877616,0.3957946289,,,,,
26.4,0.4108353325,0.4109825507,,,,,
26.42,0.3725387981,0.4531697336,,,,,
26.44,0.3500697265,0.508988919,,,,,
26.46,0.3883320987,0.5606057125,,,,,
26.48,0.3335193837,0.6017213514,,,,,
26.5,0.3710275422,0.6173070563,,,,,
26.52,0.3410037581,0.6218543901,,,,,
26.54,1.453574011,0.6151808791,1327,26.544,640,wfdb_xqrs,ok
26.56,0.8501700191,0.6022466138,,,,,
26.58,0.3054684138,0.5779511609,,,,,
26.6,0.3988230093,0.5458051434,,,,,
26.62,0.3278106703,0.5204356605,,,,,
26.64,0.4121419358,0.5037657536,,,,,
26.66,0.3903480969,0.4979844319,,,,,
26.68,0.4518635062,0.4948990514,,,,,
26.7,0.483093559,0.486899053,,,,,
26.72,0.5618403677,0.4744822025,,,,,
26.74,0.6707949357,0.4615982327,,,,,
26.76,0.7309955237,0.4502660125,,,,,
26.78,0.7170393442,0.4403044419,,,,,
26.8,0.6411616894,0.4284186488,,,,,
26.82,0.522672176,0.4223628077,,,,,
26.84,0.4260819238,0.4212744102,,,,,
26.86,0.3784202005,0.4188100674,,,,,
26.88,0.3785978394,0.4168772905,,,,,
26.9,0.3889651064,0.4160377418,,,,,
26.92,0.395733054,0.4175910117,,,,,
26.94,0.4026350475,0.4194451852,,,,,
26.96,0.4216886587,0.4192880449,,,,,
26.98,0.4294047798,0.4169090595,,,,,
27,0.4176883108,0.4118601024,,,,,
27.02,0.4288447389,0.412120188,,,,,
27.04,0.4620438547,0.4212318031,,,,,
27.06,0.4410559124,0.4504263753,,,,,
27.08,0.3780608639,0.5055700967,,,,,
27.1,0.4315231844,0.5614655917,,,,,
27.12,0.3486038424,0.6014392989,,,,,
27.14,0.4104995496,0.6170524989,,,,,
27.16,0.2754711741,0.6181331533,,,,,
27.18,1.280921373,0.6105198616,,,,,
27.2,0.9943611656,0.5981383121,1360,27.192,648,wfdb_xqrs,ok
27.22,0.2638143598,0.5788884423,,,,,
27.24,0.4025183131,0.5520507978,,,,,
27.26,0.289174696,0.5187085758,,,,,
27.28,0.3840650783,0.4919045029,,,,,
27.3,0.3635558838,0.4829071204,,,,,
27.32,0.4128267494,0.4765807666,,,,,
27.34,0.4313218906,0.4679749719,,,,,
27.36,0.5115356464,0.4584449324,,,,,
27.38,0.6104894452,0.4446600514,,,,,
27.4,0.6831589494,0.4310047608,,,,,
27.42,0.6836916198,0.4188573894,,,,,
27.44,0.6058382594,0.4105737386,,,,,
27.46,0.4728438949,0.4056709178,,,,,
27.48,0.3570964184,0.4011055302,,,,,
27.5,0.3102898498,0.3974187254,,,,,
27.52,0.3147471255,0.3985282696,,,,,
27.54,0.3253096728,0.4008126159,,,,,
27.56,0.3379313643,0.4004059146,,,,,
27.58,0.3527182647,0.3996820336,,,,,
27.6,0.3495035914,0.4009360533,,,,,
27.62,0.3385030281,0.3988110334,,,,,
27.64,0.3237878654,0.3949837346,,,,,
27.66,0.3174731319,0.3898244984,,,,,
27.68,0.3538279016,0.3921710086,,,,,
27.7,0.3258297115,0.4100978937,,,,,
27.72,0.294841276,0.4559835905,,,,,
27.74,0.3455754436,0.508755285,,,,,
27.76,0.2809586241,0.5528727469,,,,,
27.78,0.3571407238,0.5833086675,,,,,
27.8,0.2607696233,0.5931865062,,,,,
27.82,1.317728053,0.593851367,1391,27.824,632,wfdb_xqrs,ok
27.84,0.9757393893,0.5862041755,,,,,
27.86,0.2186033461,0.5667371589,,,,,
27.88,0.3842107648,0.5338374186,,,,,
27.9,0.2785296388,0.5040131802,,,,,
27.92,0.356266357,0.4847796433,,,,,
27.94,0.3371383272,0.4738178953,,,,,
27.96,0.3911196292,0.4676335897,,,,,
27.98,0.420143886,0.4579182004,,,,,
28,0.5110731725,0.4451186775,,,,,
28.02,0.6313048397,0.4323232134,,,,,
28.04,0.7386671859,0.4206497351,,,,,
28.06,0.7423652798,0.4102870474,,,,,
28.08,0.6433045491,0.4045529669,,,,,
28.1,0.4831468134,0.4050521844,,,,,
28.12,0.3619897219,0.4037938043,,,,,
28.14,0.3007492159,0.3990097554,,,,,
28.16,0.3077004768,0.3945198855,,,,,
28.18,0.3334227209,0.3954341591,,,,,
28.2,0.3448573838,0.3977597708,,,,,
28.22,0.366701393,0.3971779945,,,,,
28.24,0.3792260803,0.3949566699,,,,,
28.26,0.3708717305,0.3921880966,,,,,
28.28,0.3531292021,0.3885338263,,,,,
28.3,0.3523069388,0.3831104264,,,,,
28.32,0.3696554526,0.383845412,,,,,
28.34,0.3826075051,0.3946785194,,,,,
28.36,0.3207531017,0.4262702833,,,,,
28.38,0.3872866058,0.4790046911,,,,,
28.4,0.335932277,0.5307115645,,,,,
28.42,0.4140494001,0.5677839136,,,,,
28.44,0.2269786491,0.5841665651,,,,,
28.46,0.8788951785,0.5866868345,,,,,
28.48,1.383738119,0.5742536965,1424,28.472,648,wfdb_xqrs,ok
28.5,0.3765309483,0.5504717384,,,,,
28.52,0.4144594411,0.5159836337,,,,,
28.54,0.3253483562,0.4866668568,,,,,
28.56,0.3909672196,0.4668412226,,,,,
28.58,0.3878824077,0.454555478,,,,,
28.6,0.4225205476,0.4504215359,,,,,
28.62,0.4515555751,0.4415738261,,,,,
28.64,0.5157116148,0.4342796827,,,,,
28.66,0.6163442428,0.4276911421,,,,,
28.68,0.7146175685,0.4201822604,,,,,
28.7,0.7451623794,0.4135608475,,,,,
28.72,0.688832031,0.4097580732,,,,,
28.74,0.5604842518,0.4061895586,,,,,
28.76,0.446117281,0.4019339288,,,,,
28.78,0.3748363367,0.4017783813,,,,,
28.8,0.3564132749,0.4038870424,,,,,
28.82,0.3697447778,0.4054932943,,,,,
28.84,0.381574974,0.4062127259,,,,,
28.86,0.3908151522,0.4079373635,,,,,
28.88,0.4050011951,0.4072783312,,,,,
28.9,0.3885947486,0.4056983457,,,,,
28.92,0.3719366502,0.403497295,,,,,
28.94,0.3558449368,0.4032977144,,,,,
28.96,0.3729781214,0.408708705,,,,,
28.98,0.4109527046,0.4285115475,,,,,
29,0.3666005632,0.4767736516,,,,,
29.02,0.3661848128,0.5399638203,,,,,
29.04,0.3904482207,0.5887595511,,,,,
29.06,0.3452038592,0.6175907879,,,,,
29.08,0.3505662286,0.6327262701,,,,,
29.1,0.4030839222,0.6350158909,,,,,
29.12,1.436889333,0.6270154701,1456,29.12,648,wfdb_xqrs,ok
29.14,0.729252078,0.6079045821,,,,,
29.16,0.3191047408,0.5799463993,,,,,
29.18,0.3853725707,0.5464699795,,,,,
29.2,0.3331624905,0.5194164641,,,,,
29.22,0.4081313935,0.497578365,,,,,
29.24,0.4008924577,0.4818285164,,,,,
29.26,0.4494070822,0.47900958,,,,,
29.28,0.4904730954,0.476148463,,,,,
29.3,0.5740694005,0.467571184,,,,,
29.32,0.6795375449,0.4550335591,,,,,
29.34,0.7502271986,0.4423175438,,,,,
29.36,0.7302716662,0.4317743806,,,,,
29.38,0.6345403249,0.4217291157,,,,,
29.4,0.5141297255,0.4105259661,,,,,
29.42,0.4171053097,0.4050356742,,,,,
29.44,0.3739666609,0.4047847964,,,,,
29.46,0.3760969054,0.4028339343,,,,,
29.48,0.3865802866,0.4010559485,,,,,
29.5,0.4033396846,0.4036025957,,,,,
29.52,0.4073134092,0.4046200951,,,,,
29.54,0.4181102445,0.4055553861,,,,,
29.56,0.425448863,0.4065086659,,,,,
29.58,0.4244697562,0.4026399982,,,,,
29.6,0.4422855014,0.3977394467,,,,,
29.62,0.4600817729,0.4040205597,,,,,
29.64,0.4424697266,0.4284104628,,,,,
29.66,0.3806517473,0.4775149636,,,,,
29.68,0.4302699041,0.5335873977,,,,,
29.7,0.3442984899,0.573813439,,,,,
29.72,0.4207298611,0.592895991,,,,,
29.74,0.2749037394,0.5962373268,,,,,
29.76,1.343023767,0.5945716221,1488,29.768,648,wfdb_xqrs,ok
29.78,1.006606345,0.5851539935,,,,,
29.8,0.2493757266,0.567310768,,,,,
29.82,0.4100219789,0.536912443,,,,,
29.84,0.2995889036,0.5086317699,,,,,
29.86,0.3885165577,0.4899596859,,,,,
29.88,0.3639151627,0.4772967378,,,,,
29.9,0.4208258452,0.4717917824,,,,,
29.92,0.4429153902,0.4652449195,,,,,
29.94,0.5256834369,0.4567417838,,,,,
29.96,0.6324887741,0.4455204681,,,,,
29.98,0.7050475153,0.4319162031,,,,,
30,0.7022876365,0.4175103483,,,,,
30.02,0.6219479297,0.4069055775,,,,,
30.04,0.4876551855,0.4024085514,,,,,
30.06,0.3750442861,0.3991232618,,,,,
30.08,0.3251527258,0.3977506971,,,,,
30.1,0.3283374067,0.3982054964,,,,,
30.12,0.3421534519,0.3992289678,,,,,
30.14,0.3548606296,0.4000390578,,,,,
30.16,0.3704532521,0.396654525,,,,,
30.18,0.3633752856,0.3962417136,,,,,
30.2,0.3522401712,0.3986490284,,,,,
30.22,0.3466745255,0.3982526017,,,,,
30.24,0.3422723453,0.3946084418,,,,,
30.26,0.3688235624,0.3957539382,,,,,
30.28,0.3662969878,0.4065012757,,,,,
30.3,0.3153020436,0.441094011,,,,,
30.32,0.3715468613,0.4996373045,,,,,
30.34,0.2905630914,0.5452257015,,,,,
30.36,0.3829108341,0.5756362409,,,,,
30.38,0.2315850159,0.5854210733,,,,,
30.4,1.343576951,0.5826963531,1520,30.408,640,wfdb_xqrs,ok
30.42,1.045353157,0.5744968309,,,,,
30.44,0.2052440675,0.5580399181,,,,,
30.46,0.3930960011,0.5284579874,,,,,
30.48,0.2861852429,0.4963404601,,,,,
30.5,0.374534962,0.4717560615,,,,,
30.52,0.3531370361,0.4588639093,,,,,
30.54,0.4161270499,0.4561705324,,,,,
30.56,0.439016542,0.4516192096,,,,,
30.58,0.5402571237,0.4403817463,,,,,
30.6,0.6595340993,0.4281083526,,,,,
30.62,0.7438561041,0.416848148,,,,,
30.64,0.7398131634,0.4077504257,,,,,
30.66,0.6322653187,0.4002261783,,,,,
30.68,0.4624567693,0.3936390874,,,,,
30.7,0.3449445858,0.3919450574,,,,,
30.72,0.2936730111,0.3929461205,,,,,
30.74,0.3039347099,0.3941429932,,,,,
30.76,0.3422475654,0.3933832586,,,,,
30.78,0.3549111621,0.3918796612,,,,,
30.8,0.3783445062,0.3919400886,,,,,
30.82,0.3880988169,0.3922811353,,,,,
30.84,0.3859656607,0.3929878228,,,,,
30.86,0.3729884623,0.3884936052,,,,,
30.88,0.3603936015,0.3818764809,,,,,
30.9,0.3794488556,0.3799183262,,,,,
30.92,0.414492473,0.3888037776,,,,,
30.94,0.3520396351,0.4148116699,,,,,
30.96,0.3809572205,0.4641702547,,,,,
30.98,0.3492657945,0.5179408682,,,,,
31,0.3973894406,0.5570250293,,,,,
31.02,0.2707244441,0.574279282,,,,,
31.04,0.6995736622,0.5759290693,,,,,
31.06,1.490451721,0.569613559,1553,31.056,648,wfdb_xqrs,ok
31.08,0.4880076969,0.5541800653,,,,,
31.1,0.3878715224,0.5227999436,,,,,
31.12,0.3468252478,0.4908480659,,,,,
31.14,0.3866454584,0.4655584855,,,,,
31.16,0.3943722147,0.4505765969,,,,,
31.18,0.4221046098,0.447332759,,,,,
31.2,0.4638765107,0.4392373122,,,,,
31.22,0.5080180391,0.426393503,,,,,
31.24,0.6008157399,0.4153977271,,,,,
31.26,0.7059169297,0.4068900882,,,,,
31.28,0.7452087986,0.4023920408,,,,,
31.3,0.7117755526,0.3970605761,,,,,
31.32,0.6021600226,0.3937228592,,,,,
31.34,0.4683845862,0.3937187464,,,,,
31.36,0.3817081091,0.3940019211,,,,,
31.38,0.3533078625,0.3938205093,,,,,
31.4,0.3623937517,0.3939598094,,,,,
31.42,0.3796732051,0.393784092,,,,,
31.44,0.3813420877,0.3964328937,,,,,
31.46,0.3894483312,0.3993322937,,,,,
31.48,0.3918076761,0.3988185782,,,,,
31.5,0.3759219341,0.3931179003,,,,,
31.52,0.3695545149,0.3879778661,,,,,
31.54,0.3823431858,0.391033618,,,,,
31.56,0.409526932,0.4066999958,,,,,
31.58,0.4053242716,0.4525178179,,,,,
31.6,0.3417961125,0.523586216,,,,,
31.62,0.4147313099,0.5862163871,,,,,
31.64,0.3310338095,0.6226812966,,,,,
31.66,0.418888225,0.6399512741,,,,,
31.68,0.2242796017,0.6431498151,,,,,
31.7,1.176567495,0.6364892913,,,,,
31.72,1.125313085,0.6206434396,1586,31.712,656,wfdb_xqrs,ok
31.74,0.2986059216,0.6001055345,,,,,
31.76,0.4392192412,0.5664700995,,,,,
31.78,0.3210128659,0.5305691525,,,,,
31.8,0.4253974373,0.5063099186,,,,,
31.82,0.40035569,0.4972806599,,,,,
31.84,0.4515469501,0.4938556003,,,,,
31.86,0.4810837047,0.4860550207,,,,,
31.88,0.545807881,0.4704604701,,,,,
31.9,0.6499863275,0.468432123,,,,,
31.92,0.7247817054,0.4488752536,,,,,
31.94,0.7558154671,0.4512655543,,,,,
31.96,0.6597037701,0.4118934073,,,,,
31.98,0.5869434185,0.4478457883,,,,,
